time_s,vibration_mm_s
0.000000,-6.038305
0.000500,-4.639694
0.001000,-1.176813
0.001500,2.251791
0.002000,3.709953
0.002500,3.758916
0.003000,1.698884
0.003500,-0.412745
0.004000,-3.411058
0.004500,-5.810940
0.005000,-5.897687
0.005500,-4.776429
0.006000,-2.297268
0.006500,2.066697
0.007000,5.240400
0.007500,8.514882
0.008000,8.847891
0.008500,7.517068
0.009000,4.479574
0.009500,1.696880
0.010000,-2.064108
0.010500,-4.138379
0.011000,-4.312423
0.011500,-2.433520
0.012000,0.194461
0.012500,3.163405
0.013000,5.388637
0.013500,6.800681
0.014000,4.721484
0.014500,2.086388
0.015000,-1.429012
0.015500,-4.068471
0.016000,-5.950223
0.016500,-6.800128
0.017000,-5.618044
0.017500,-2.772934
0.018000,1.147729
0.018500,3.977976
0.019000,5.278277
0.019500,4.304652
0.020000,2.402919
0.020500,-1.043850
0.021000,-4.566690
0.021500,-6.998259
0.022000,-8.293361
0.022500,-7.184468
0.023000,-4.801173
0.023500,-1.131737
0.024000,2.530327
0.024500,4.197612
0.025000,5.495241
0.025500,4.496279
0.026000,2.133789
0.026500,-0.536438
0.027000,-2.177512
0.027500,-4.170395
0.028000,-2.762095
0.028500,-1.546071
0.029000,2.238491
0.029500,5.695807
0.030000,8.145125
0.030500,8.770773
0.031000,7.436830
0.031500,3.997632
0.032000,0.154266
0.032500,-2.891716
0.033000,-5.689185
0.033500,-6.685399
0.034000,-5.291988
0.034500,-2.445042
0.035000,1.420217
0.035500,4.079109
0.036000,5.728327
0.036500,4.888938
0.037000,3.010557
0.037500,-0.015236
0.038000,-3.753088
0.038500,-5.973327
0.039000,-7.381169
0.039500,-6.405474
0.040000,-4.043053
0.040500,-1.246874
0.041000,2.312353
0.041500,3.668827
0.042000,3.898017
0.042500,2.391901
0.043000,-0.531235
0.043500,-3.665432
0.044000,-6.481383
0.044500,-7.574877
0.045000,-6.460233
0.045500,-4.355422
0.046000,-0.429599
0.046500,3.524543
0.047000,6.603238
0.047500,8.402940
0.048000,7.159713
0.048500,5.000489
0.049000,2.433546
0.049500,-1.322805
0.050000,-2.899196
0.050500,-3.920283
0.051000,-2.266426
0.051500,0.029057
0.052000,3.226385
0.052500,6.021676
0.053000,5.886202
0.053500,5.841969
0.054000,3.235462
0.054500,-0.563124
0.055000,-4.330230
0.055500,-6.129393
0.056000,-7.069409
0.056500,-5.572246
0.057000,-2.949717
0.057500,1.074246
0.058000,3.378638
0.058500,4.819806
0.059000,5.215015
0.059500,3.295888
0.060000,0.506831
0.060500,-3.328174
0.061000,-6.484267
0.061500,-7.500818
0.062000,-8.115086
0.062500,-5.703224
0.063000,-2.546787
0.063500,1.049105
0.064000,3.168760
0.064500,4.931217
0.065000,3.792838
0.065500,1.097889
0.066000,-1.524081
0.066500,-3.419535
0.067000,-4.384235
0.067500,-3.348510
0.068000,-0.706093
0.068500,1.697565
0.069000,4.727293
0.069500,7.023513
0.070000,9.093206
0.070500,7.784885
0.071000,5.307697
0.071500,1.562528
0.072000,-1.925629
0.072500,-4.120054
0.073000,-5.458698
0.073500,-4.667450
0.074000,-2.581089
0.074500,0.300471
0.075000,3.596257
0.075500,5.366315
0.076000,5.944436
0.076500,3.405189
0.077000,0.673244
0.077500,-3.273276
0.078000,-6.188200
0.078500,-7.251031
0.079000,-6.492783
0.079500,-3.105606
0.080000,-1.170225
0.080500,2.496632
0.081000,3.738356
0.081500,4.713910
0.082000,2.923866
0.082500,-0.238129
0.083000,-3.642913
0.083500,-6.804708
0.084000,-7.841882
0.084500,-7.744344
0.085000,-5.718621
0.085500,-2.129361
0.086000,2.373701
0.086500,6.128728
0.087000,7.207316
0.087500,6.845074
0.088000,5.070731
0.088500,2.560243
0.089000,-0.799301
0.089500,-3.032100
0.090000,-2.825800
0.090500,-1.788507
0.091000,1.255529
0.091500,3.776147
0.092000,5.741153
0.092500,6.827882
0.093000,7.351556
0.093500,4.970730
0.094000,0.697814
0.094500,-3.033221
0.095000,-5.065530
0.095500,-7.216597
0.096000,-6.322240
0.096500,-3.245700
0.097000,-0.314622
0.097500,3.046835
0.098000,5.068951
0.098500,5.591470
0.099000,4.461548
0.099500,0.939228
0.100000,-2.405650
0.100500,-6.588975
0.101000,-7.546479
0.101500,-7.795382
0.102000,-6.117720
0.102500,-2.984279
0.103000,0.471204
0.103500,3.466755
0.104000,3.585522
0.104500,3.396850
0.105000,0.996712
0.105500,-1.847872
0.106000,-3.949129
0.106500,-5.572540
0.107000,-4.920646
0.107500,-3.369919
0.108000,-0.128064
0.108500,3.919677
0.109000,7.315727
0.109500,8.970036
0.110000,8.168807
0.110500,6.479157
0.111000,3.155493
0.111500,0.454103
0.112000,-2.630684
0.112500,-4.993292
0.113000,-4.192707
0.113500,-2.519275
0.114000,0.795443
0.114500,3.955735
0.115000,6.012732
0.115500,5.257027
0.116000,3.557795
0.116500,-0.040829
0.117000,-2.649826
0.117500,-5.812955
0.118000,-6.976860
0.118500,-6.667593
0.119000,-4.233081
0.119500,-1.764524
0.120000,1.525520
0.120500,5.185162
0.121000,4.374263
0.121500,3.124952
0.122000,1.441164
0.122500,-1.705595
0.123000,-6.586522
0.123500,-8.233312
0.124000,-8.042578
0.124500,-5.653518
0.125000,-3.479683
0.125500,0.598427
0.126000,4.273348
0.126500,6.025195
0.127000,5.780575
0.127500,4.268412
0.128000,1.102826
0.128500,-1.231559
0.129000,-3.190790
0.129500,-3.412038
0.130000,-2.420814
0.130500,0.672718
0.131000,4.152380
0.131500,6.651461
0.132000,8.247947
0.132500,7.794559
0.133000,5.599286
0.133500,1.851055
0.134000,-1.541542
0.134500,-4.818710
0.135000,-5.515282
0.135500,-5.365473
0.136000,-3.727224
0.136500,-1.006259
0.137000,2.106321
0.137500,5.346182
0.138000,5.642562
0.138500,4.530203
0.139000,0.919063
0.139500,-1.456123
0.140000,-4.801881
0.140500,-7.380956
0.141000,-7.328727
0.141500,-5.473959
0.142000,-2.752820
0.142500,0.268210
0.143000,2.864830
0.143500,3.902155
0.144000,3.395675
0.144500,1.702209
0.145000,-2.982566
0.145500,-4.982980
0.146000,-6.642928
0.146500,-6.653759
0.147000,-5.066495
0.147500,-2.270010
0.148000,2.547885
0.148500,6.669041
0.149000,7.563183
0.149500,8.809454
0.150000,6.710149
0.150500,3.832520
0.151000,0.015097
0.151500,-2.529081
0.152000,-3.299077
0.152500,-3.233033
0.153000,-0.829562
0.153500,1.803605
0.154000,4.313989
0.154500,6.645181
0.155000,6.293689
0.155500,4.841463
0.156000,1.414003
0.156500,-1.952956
0.157000,-5.294717
0.157500,-6.299805
0.158000,-7.008418
0.158500,-4.291965
0.159000,-1.571668
0.159500,2.307471
0.160000,4.673378
0.160500,6.043358
0.161000,4.636858
0.161500,1.080324
0.162000,-1.873815
0.162500,-5.772383
0.163000,-7.873244
0.163500,-7.654668
0.164000,-6.670611
0.164500,-4.347139
0.165000,-0.927835
0.165500,2.704781
0.166000,4.195226
0.166500,4.679748
0.167000,3.655007
0.167500,1.451675
0.168000,-1.522056
0.168500,-4.677830
0.169000,-4.137470
0.169500,-2.957130
0.170000,-0.056798
0.170500,3.922122
0.171000,5.675638
0.171500,8.260319
0.172000,8.881572
0.172500,6.223224
0.173000,4.187870
0.173500,-0.089795
0.174000,-3.254588
0.174500,-5.792821
0.175000,-5.333692
0.175500,-3.515605
0.176000,-0.921455
0.176500,2.270331
0.177000,4.725046
0.177500,5.187249
0.178000,4.561032
0.178500,2.072886
0.179000,-1.040302
0.179500,-3.977260
0.180000,-6.901527
0.180500,-6.939780
0.181000,-4.928817
0.181500,-3.122759
0.182000,0.011803
0.182500,3.055592
0.183000,4.573819
0.183500,3.708428
0.184000,2.040181
0.184500,-1.358936
0.185000,-4.615147
0.185500,-7.008650
0.186000,-6.860284
0.186500,-6.462519
0.187000,-4.114582
0.187500,1.257015
0.188000,4.180255
0.188500,6.991990
0.189000,8.260729
0.189500,5.981927
0.190000,3.555580
0.190500,0.259153
0.191000,-2.153145
0.191500,-3.119927
0.192000,-2.833232
0.192500,-1.073366
0.193000,1.099675
0.193500,3.643607
0.194000,6.579799
0.194500,6.746942
0.195000,5.667499
0.195500,2.821323
0.196000,-1.042388
0.196500,-4.108657
0.197000,-6.377252
0.197500,-6.482807
0.198000,-5.338322
0.198500,-2.142358
0.199000,1.426007
0.199500,4.481883
0.200000,5.330088
0.200500,5.134494
0.201000,2.502740
0.201500,-0.850035
0.202000,-3.995847
0.202500,-7.750348
0.203000,-8.457814
0.203500,-7.628047
0.204000,-5.483131
0.204500,-1.524015
0.205000,2.160857
0.205500,3.761430
0.206000,4.309355
0.206500,3.326733
0.207000,0.888582
0.207500,-2.517781
0.208000,-4.119645
0.208500,-5.321925
0.209000,-4.563035
0.209500,-1.707875
0.210000,1.618256
0.210500,5.455365
0.211000,8.181890
0.211500,9.366645
0.212000,8.458696
0.212500,4.316183
0.213000,1.327538
0.213500,-2.696873
0.214000,-4.342244
0.214500,-5.057137
0.215000,-4.391647
0.215500,-0.630935
0.216000,1.830409
0.216500,4.342760
0.217000,5.204778
0.217500,4.661199
0.218000,2.770949
0.218500,-0.742453
0.219000,-3.783049
0.219500,-6.037632
0.220000,-6.275417
0.220500,-5.747347
0.221000,-3.576678
0.221500,0.674131
0.222000,2.943854
0.222500,5.049995
0.223000,4.474523
0.223500,2.211601
0.224000,-0.851254
0.224500,-3.714557
0.225000,-6.377542
0.225500,-8.279492
0.226000,-7.365086
0.226500,-4.349670
0.227000,-1.411583
0.227500,2.816689
0.228000,5.475958
0.228500,6.756987
0.229000,5.586311
0.229500,3.072681
0.230000,-0.032556
0.230500,-2.270755
0.231000,-3.455394
0.231500,-3.165088
0.232000,-0.410747
0.232500,2.198377
0.233000,4.478722
0.233500,7.286066
0.234000,7.679591
0.234500,6.534535
0.235000,3.896796
0.235500,0.360122
0.236000,-3.600984
0.236500,-5.498667
0.237000,-7.058684
0.237500,-5.354740
0.238000,-1.573766
0.238500,0.860124
0.239000,4.324753
0.239500,5.451034
0.240000,5.476585
0.240500,3.252864
0.241000,0.011060
0.241500,-3.723391
0.242000,-6.010879
0.242500,-7.785341
0.243000,-6.599417
0.243500,-4.235640
0.244000,-1.417436
0.244500,1.364934
0.245000,3.703052
0.245500,3.819659
0.246000,3.010167
0.246500,-0.695539
0.247000,-3.136009
0.247500,-6.267644
0.248000,-7.110176
0.248500,-5.132501
0.249000,-2.718783
0.249500,0.366571
0.250000,3.932014
0.250500,6.332944
0.251000,8.602078
0.251500,9.092132
0.252000,5.865651
0.252500,2.049156
0.253000,-0.930311
0.253500,-4.122470
0.254000,-4.340618
0.254500,-3.114505
0.255000,-0.748652
0.255500,2.578056
0.256000,4.914275
0.256500,6.245360
0.257000,5.145347
0.257500,3.560507
0.258000,0.583360
0.258500,-3.834360
0.259000,-6.301501
0.259500,-6.303160
0.260000,-5.944099
0.260500,-2.782366
0.261000,-0.221123
0.261500,3.596774
0.262000,4.933128
0.262500,5.055477
0.263000,3.787887
0.263500,-0.145838
0.264000,-4.011052
0.264500,-6.868006
0.265000,-8.095423
0.265500,-8.562123
0.266000,-5.508910
0.266500,-2.599579
0.267000,1.702018
0.267500,3.150031
0.268000,5.139475
0.268500,4.327325
0.269000,2.695292
0.269500,0.364387
0.270000,-2.376900
0.270500,-3.879279
0.271000,-3.655612
0.271500,-1.627110
0.272000,0.969220
0.272500,5.043067
0.273000,7.704721
0.273500,8.732414
0.274000,8.003363
0.274500,5.329879
0.275000,2.365736
0.275500,-2.232603
0.276000,-5.135133
0.276500,-6.446112
0.277000,-5.757950
0.277500,-3.429978
0.278000,-0.051378
0.278500,3.312908
0.279000,5.363162
0.279500,5.396105
0.280000,3.411341
0.280500,1.098675
0.281000,-2.385761
0.281500,-5.598790
0.282000,-7.252240
0.282500,-6.428251
0.283000,-4.575742
0.283500,-2.229152
0.284000,1.375562
0.284500,3.646551
0.285000,3.724961
0.285500,2.919548
0.286000,-0.396870
0.286500,-2.540220
0.287000,-5.414110
0.287500,-7.509846
0.288000,-6.872988
0.288500,-5.708273
0.289000,-1.601228
0.289500,2.738881
0.290000,5.755853
0.290500,8.271388
0.291000,8.644133
0.291500,5.443008
0.292000,2.519372
0.292500,-0.265427
0.293000,-2.095735
0.293500,-4.070290
0.294000,-2.569577
0.294500,0.386316
0.295000,1.955455
0.295500,4.707148
0.296000,6.412930
0.296500,5.984252
0.297000,4.396284
0.297500,0.868087
0.298000,-3.496092
0.298500,-5.382051
0.299000,-7.065795
0.299500,-5.671616
0.300000,-4.097202
0.300500,-0.802647
0.301000,2.921995
0.301500,5.222720
0.302000,5.577908
0.302500,3.298461
0.303000,1.244522
0.303500,-3.005650
0.304000,-5.757157
0.304500,-8.387002
0.305000,-7.764571
0.305500,-6.546067
0.306000,-3.705943
0.306500,0.526037
0.307000,3.168402
0.307500,4.257360
0.308000,4.763853
0.308500,2.136600
0.309000,-0.409495
0.309500,-2.954083
0.310000,-4.914048
0.310500,-4.420517
0.311000,-2.984940
0.311500,0.248170
0.312000,4.628128
0.312500,6.788003
0.313000,7.910704
0.313500,9.246029
0.314000,7.460125
0.314500,2.828887
0.315000,-1.557341
0.315500,-3.959630
0.316000,-5.463637
0.316500,-5.047414
0.317000,-3.361184
0.317500,0.339656
0.318000,3.320440
0.318500,4.526504
0.319000,5.772345
0.319500,4.889242
0.320000,1.322094
0.320500,-2.258768
0.321000,-5.119639
0.321500,-6.449763
0.322000,-7.244508
0.322500,-4.636725
0.323000,-1.894401
0.323500,2.145355
0.324000,3.667196
0.324500,5.169681
0.325000,2.983860
0.325500,1.024588
0.326000,-2.510305
0.326500,-6.182470
0.327000,-7.753663
0.327500,-7.484157
0.328000,-6.288625
0.328500,-3.524579
0.329000,1.075101
0.329500,4.218400
0.330000,6.596963
0.330500,7.010601
0.331000,4.873384
0.331500,2.201494
0.332000,0.036796
0.332500,-2.676593
0.333000,-4.361946
0.333500,-2.162621
0.334000,-0.046235
0.334500,2.607326
0.335000,5.161770
0.335500,7.642979
0.336000,7.310186
0.336500,6.166304
0.337000,2.091668
0.337500,-1.650438
0.338000,-5.005285
0.338500,-6.279081
0.339000,-6.113943
0.339500,-3.828982
0.340000,-1.354812
0.340500,2.032251
0.341000,4.511505
0.341500,5.893770
0.342000,5.147753
0.342500,1.718544
0.343000,-1.766300
0.343500,-4.807778
0.344000,-7.248962
0.344500,-7.249870
0.345000,-7.179396
0.345500,-3.876683
0.346000,-0.601961
0.346500,1.565799
0.347000,3.581975
0.347500,3.347909
0.348000,1.781070
0.348500,-0.509749
0.349000,-3.884245
0.349500,-6.070766
0.350000,-5.894280
0.350500,-3.796970
0.351000,-1.437396
0.351500,2.456343
0.352000,6.567174
0.352500,8.472946
0.353000,9.137362
0.353500,7.234385
0.354000,4.428818
0.354500,0.097881
0.355000,-2.628948
0.355500,-4.472869
0.356000,-4.826133
0.356500,-3.217126
0.357000,0.501022
0.357500,3.027110
0.358000,4.844770
0.358500,5.738934
0.359000,4.966182
0.359500,0.882437
0.360000,-2.201493
0.360500,-5.051560
0.361000,-5.952256
0.361500,-6.510577
0.362000,-4.626143
0.362500,-2.449914
0.363000,0.835245
0.363500,4.056369
0.364000,4.989436
0.364500,4.393793
0.365000,1.614707
0.365500,-1.676807
0.366000,-5.190392
0.366500,-7.381098
0.367000,-8.057178
0.367500,-7.745586
0.368000,-5.092295
0.368500,-0.076403
0.369000,3.497603
0.369500,4.956288
0.370000,5.230263
0.370500,4.849114
0.371000,2.738814
0.371500,0.241071
0.372000,-2.531234
0.372500,-3.770154
0.373000,-3.133675
0.373500,-0.394471
0.374000,2.702198
0.374500,5.506412
0.375000,8.727755
0.375500,8.862745
0.376000,6.935189
0.376500,2.943322
0.377000,-0.165116
0.377500,-3.673380
0.378000,-5.845313
0.378500,-5.744024
0.379000,-4.347053
0.379500,-1.351717
0.380000,1.937926
0.380500,4.493451
0.381000,4.833596
0.381500,4.911353
0.382000,2.313129
0.382500,-1.304840
0.383000,-3.456659
0.383500,-5.808971
0.384000,-6.687779
0.384500,-6.045307
0.385000,-3.083676
0.385500,-0.465208
0.386000,2.401322
0.386500,3.434604
0.387000,3.857201
0.387500,1.875763
0.388000,-1.610196
0.388500,-4.210096
0.389000,-6.473333
0.389500,-6.348093
0.390000,-5.399974
0.390500,-2.766418
0.391000,1.238283
0.391500,4.958172
0.392000,7.546999
0.392500,8.082946
0.393000,7.377167
0.393500,4.493029
0.394000,0.916967
0.394500,-1.454128
0.395000,-3.372918
0.395500,-4.394199
0.396000,-2.183158
0.396500,0.952414
0.397000,3.901436
0.397500,6.064777
0.398000,6.344396
0.398500,4.867057
0.399000,2.106435
0.399500,-0.794331
0.400000,-4.067536
0.400500,-5.856366
0.401000,-6.328446
0.401500,-5.363720
0.402000,-2.950430
0.402500,0.802368
0.403000,3.886888
0.403500,5.186710
0.404000,4.625902
0.404500,2.751428
0.405000,-0.938170
0.405500,-4.586171
0.406000,-6.986238
0.406500,-8.431474
0.407000,-7.397036
0.407500,-4.918435
0.408000,-2.057189
0.408500,1.596460
0.409000,4.760303
0.409500,4.488887
0.410000,3.126873
0.410500,0.923309
0.411000,-1.116808
0.411500,-3.416711
0.412000,-4.446191
0.412500,-3.129514
0.413000,-2.268767
0.413500,2.368297
0.414000,6.272648
0.414500,7.658446
0.415000,8.699444
0.415500,7.316891
0.416000,4.364527
0.416500,0.825483
0.417000,-2.070470
0.417500,-4.354347
0.418000,-5.888042
0.418500,-3.770321
0.419000,-1.866475
0.419500,2.030059
0.420000,4.032349
0.420500,5.524417
0.421000,5.226681
0.421500,4.261069
0.422000,0.151253
0.422500,-3.797979
0.423000,-5.617264
0.423500,-7.076996
0.424000,-6.244075
0.424500,-3.292918
0.425000,-0.508706
0.425500,2.476406
0.426000,4.089284
0.426500,4.206620
0.427000,2.466873
0.427500,-1.504017
0.428000,-3.831278
0.428500,-7.166918
0.429000,-8.482253
0.429500,-7.101000
0.430000,-4.408149
0.430500,-0.948674
0.431000,3.566975
0.431500,5.707912
0.432000,7.436338
0.432500,6.794745
0.433000,4.810600
0.433500,1.876809
0.434000,-1.568416
0.434500,-2.744978
0.435000,-3.241047
0.435500,-2.563602
0.436000,0.076311
0.436500,3.857779
0.437000,6.123720
0.437500,7.061817
0.438000,6.154037
0.438500,3.669721
0.439000,0.409223
0.439500,-3.941781
0.440000,-6.479019
0.440500,-7.243561
0.441000,-5.570129
0.441500,-2.515997
0.442000,0.212550
0.442500,2.472314
0.443000,4.623316
0.443500,4.977040
0.444000,3.238494
0.444500,0.118073
0.445000,-3.299429
0.445500,-6.417513
0.446000,-7.387170
0.446500,-7.720981
0.447000,-5.718292
0.447500,-2.038932
0.448000,0.405275
0.448500,3.563438
0.449000,4.289603
0.449500,3.290180
0.450000,1.700452
0.450500,-2.056767
0.451000,-3.454233
0.451500,-5.553212
0.452000,-5.370809
0.452500,-2.479504
0.453000,0.589209
0.453500,4.474927
0.454000,7.880473
0.454500,9.256525
0.455000,8.101387
0.455500,6.270269
0.456000,2.786996
0.456500,-0.717228
0.457000,-3.750086
0.457500,-4.430376
0.458000,-4.881696
0.458500,-1.907061
0.459000,0.920978
0.459500,4.055741
0.460000,5.311953
0.460500,5.276200
0.461000,4.179777
0.461500,0.267542
0.462000,-2.860335
0.462500,-5.756436
0.463000,-6.769343
0.463500,-6.107191
0.464000,-3.643872
0.464500,-0.191468
0.465000,3.056617
0.465500,4.502872
0.466000,4.877045
0.466500,2.594732
0.467000,0.015959
0.467500,-3.128453
0.468000,-6.219010
0.468500,-8.129621
0.469000,-7.580958
0.469500,-5.571371
0.470000,-1.811183
0.470500,1.659984
0.471000,4.560687
0.471500,6.503014
0.472000,5.011615
0.472500,4.502723
0.473000,0.097653
0.473500,-1.917557
0.474000,-2.882614
0.474500,-3.126784
0.475000,-2.331395
0.475500,0.586363
0.476000,4.605678
0.476500,6.497620
0.477000,8.810570
0.477500,7.270236
0.478000,5.023231
0.478500,1.950021
0.479000,-2.378051
0.479500,-5.713269
0.480000,-6.602532
0.480500,-5.878186
0.481000,-4.037875
0.481500,-0.299434
0.482000,2.703571
0.482500,5.487868
0.483000,5.516526
0.483500,3.909465
0.484000,1.061411
0.484500,-2.311509
0.485000,-5.223408
0.485500,-7.621637
0.486000,-7.592416
0.486500,-4.954503
0.487000,-2.633053
0.487500,0.118204
0.488000,3.260249
0.488500,4.174558
0.489000,2.526067
0.489500,0.909148
0.490000,-1.923906
0.490500,-4.821947
0.491000,-6.255419
0.491500,-6.801146
0.492000,-3.974505
0.492500,-0.727775
0.493000,3.158791
0.493500,7.060349
0.494000,9.171660
0.494500,9.204610
0.495000,7.051952
0.495500,3.277590
0.496000,-0.019156
0.496500,-2.592675
0.497000,-4.077888
0.497500,-3.495774
0.498000,-1.100633
0.498500,1.466203
0.499000,3.939378
0.499500,5.704405
0.500000,6.078090
0.500500,4.031935
0.501000,1.101835
0.501500,-2.228535
0.502000,-5.499674
0.502500,-6.457712
0.503000,-6.170267
0.503500,-4.675894
0.504000,-0.424495
0.504500,2.041000
0.505000,3.879826
0.505500,4.753431
0.506000,3.488187
0.506500,1.072609
0.507000,-2.667397
0.507500,-6.028278
0.508000,-7.742562
0.508500,-8.106289
0.509000,-6.452185
0.509500,-3.318430
0.510000,0.404734
0.510500,2.474452
0.511000,4.994043
0.511500,4.320885
0.512000,3.608485
0.512500,0.965313
0.513000,-1.333636
0.513500,-3.129785
0.514000,-3.826298
0.514500,-2.661924
0.515000,0.572124
0.515500,3.597811
0.516000,6.817929
0.516500,8.884103
0.517000,8.056217
0.517500,6.508048
0.518000,3.025756
0.518500,-1.459905
0.519000,-3.872222
0.519500,-5.660808
0.520000,-5.662638
0.520500,-4.011631
0.521000,-0.965005
0.521500,2.353635
0.522000,5.078945
0.522500,5.156308
0.523000,4.548904
0.523500,1.205132
0.524000,-1.771250
0.524500,-4.755275
0.525000,-5.738115
0.525500,-7.447490
0.526000,-4.737613
0.526500,-2.464922
0.527000,0.779498
0.527500,3.146375
0.528000,4.313861
0.528500,3.319645
0.529000,1.626865
0.529500,-2.346815
0.530000,-4.799763
0.530500,-7.493418
0.531000,-7.459557
0.531500,-6.115647
0.532000,-2.209196
0.532500,2.176686
0.533000,5.196750
0.533500,7.469674
0.534000,7.551947
0.534500,6.467386
0.535000,3.123503
0.535500,0.146622
0.536000,-2.082652
0.536500,-2.954356
0.537000,-1.921926
0.537500,-1.282529
0.538000,2.409889
0.538500,4.744889
0.539000,6.380775
0.539500,6.748283
0.540000,4.934733
0.540500,1.900138
0.541000,-1.909460
0.541500,-5.435818
0.542000,-7.260342
0.542500,-6.288432
0.543000,-4.761236
0.543500,-1.773633
0.544000,1.846915
0.544500,4.770339
0.545000,5.557330
0.545500,4.340534
0.546000,2.525332
0.546500,-0.858664
0.547000,-4.763163
0.547500,-6.994281
0.548000,-7.580777
0.548500,-6.421215
0.549000,-3.913336
0.549500,-0.519055
0.550000,2.529028
0.550500,3.755447
0.551000,4.645447
0.551500,2.332402
0.552000,-0.031681
0.552500,-1.968555
0.553000,-4.139918
0.553500,-4.333761
0.554000,-3.679640
0.554500,-1.143750
0.555000,2.879297
0.555500,6.427476
0.556000,8.609833
0.556500,9.366582
0.557000,7.136912
0.557500,4.276642
0.558000,-0.036024
0.558500,-2.814262
0.559000,-5.011122
0.559500,-5.489267
0.560000,-3.668009
0.560500,-0.820645
0.561000,2.247305
0.561500,5.436997
0.562000,5.562046
0.562500,4.571226
0.563000,1.341383
0.563500,-1.494728
0.564000,-4.407441
0.564500,-6.653088
0.565000,-6.207897
0.565500,-5.423226
0.566000,-2.107518
0.566500,0.604740
0.567000,3.256506
0.567500,4.475317
0.568000,3.957430
0.568500,2.386588
0.569000,-2.542587
0.569500,-5.807159
0.570000,-7.670402
0.570500,-8.185633
0.571000,-6.670146
0.571500,-3.823477
0.572000,-0.323877
0.572500,3.956450
0.573000,6.575329
0.573500,7.105255
0.574000,6.422379
0.574500,3.724588
0.575000,0.390308
0.575500,-1.685237
0.576000,-3.232131
0.576500,-2.886596
0.577000,-0.316882
0.577500,1.067673
0.578000,4.469158
0.578500,6.611994
0.579000,7.348227
0.579500,5.932859
0.580000,2.443766
0.580500,-1.065130
0.581000,-4.435716
0.581500,-5.281493
0.582000,-5.880838
0.582500,-5.216220
0.583000,-2.263074
0.583500,0.831690
0.584000,3.367819
0.584500,5.484676
0.585000,4.655385
0.585500,2.788884
0.586000,-1.160225
0.586500,-4.309262
0.587000,-6.565787
0.587500,-7.496300
0.588000,-6.634811
0.588500,-4.931743
0.589000,-0.868080
0.589500,1.470968
0.590000,3.940973
0.590500,3.919185
0.591000,1.915412
0.591500,-0.307338
0.592000,-2.983993
0.592500,-5.136367
0.593000,-6.183489
0.593500,-4.387773
0.594000,-1.791805
0.594500,1.484940
0.595000,5.638634
0.595500,8.813767
0.596000,9.749488
0.596500,7.400415
0.597000,4.796359
0.597500,2.198338
0.598000,-2.183726
0.598500,-4.505484
0.599000,-4.652849
0.599500,-2.987835
0.600000,-0.603434
0.600500,2.179835
0.601000,4.582618
0.601500,5.577704
0.602000,4.742620
0.602500,3.633275
0.603000,-0.469586
0.603500,-3.514620
0.604000,-6.352663
0.604500,-6.854906
0.605000,-5.853404
0.605500,-3.963164
0.606000,-0.161004
0.606500,2.563855
0.607000,3.980182
0.607500,4.162980
0.608000,3.122822
0.608500,-0.716672
0.609000,-3.773062
0.609500,-6.968977
0.610000,-8.081977
0.610500,-8.053999
0.611000,-5.005662
0.611500,-1.362822
0.612000,1.764517
0.612500,4.960675
0.613000,6.094393
0.613500,4.965085
0.614000,2.588921
0.614500,-0.255617
0.615000,-2.255053
0.615500,-3.478195
0.616000,-3.560519
0.616500,-1.220117
0.617000,2.093902
0.617500,5.371839
0.618000,8.165843
0.618500,8.861775
0.619000,6.828135
0.619500,5.100917
0.620000,0.479047
0.620500,-2.540035
0.621000,-5.495566
0.621500,-6.488124
0.622000,-5.921876
0.622500,-2.622284
0.623000,0.141267
0.623500,4.107921
0.624000,6.004883
0.624500,4.953827
0.625000,3.486905
0.625500,-0.054426
0.626000,-3.448911
0.626500,-5.618336
0.627000,-7.185310
0.627500,-5.896188
0.628000,-4.609819
0.628500,-0.950005
0.629000,1.677042
0.629500,3.924639
0.630000,3.755498
0.630500,2.493101
0.631000,-0.264906
0.631500,-3.736379
0.632000,-5.751225
0.632500,-6.925806
0.633000,-6.210679
0.633500,-3.280241
0.634000,0.426422
0.634500,3.647309
0.635000,7.059910
0.635500,8.131807
0.636000,7.888215
0.636500,5.402424
0.637000,3.051083
0.637500,-0.691653
0.638000,-3.194844
0.638500,-3.281627
0.639000,-3.523103
0.639500,-1.012559
0.640000,3.072845
0.640500,5.261594
0.641000,6.493170
0.641500,5.246375
0.642000,3.478430
0.642500,0.941626
0.643000,-2.988146
0.643500,-5.823250
0.644000,-7.013676
0.644500,-6.054542
0.645000,-4.219266
0.645500,0.075819
0.646000,3.439629
0.646500,4.423520
0.647000,4.946971
0.647500,3.025417
0.648000,-0.029230
0.648500,-3.269682
0.649000,-7.242507
0.649500,-7.858641
0.650000,-7.602482
0.650500,-5.989392
0.651000,-3.658410
0.651500,0.419368
0.652000,4.057242
0.652500,3.710168
0.653000,4.172231
0.653500,1.835653
0.654000,-0.128983
0.654500,-3.259988
0.655000,-4.239105
0.655500,-3.894423
0.656000,-1.376263
0.656500,1.044711
0.657000,4.840834
0.657500,6.960972
0.658000,9.346870
0.658500,7.919527
0.659000,5.538378
0.659500,2.149538
0.660000,-2.216952
0.660500,-4.366383
0.661000,-5.292913
0.661500,-4.873171
0.662000,-3.324836
0.662500,0.400487
0.663000,3.712829
0.663500,4.512787
0.664000,4.969203
0.664500,4.103710
0.665000,0.909252
0.665500,-2.419858
0.666000,-4.658549
0.666500,-6.637120
0.667000,-6.187047
0.667500,-3.342302
0.668000,-1.490347
0.668500,1.338692
0.669000,3.960257
0.669500,4.474294
0.670000,2.780266
0.670500,-0.183520
0.671000,-2.243435
0.671500,-6.037187
0.672000,-8.127768
0.672500,-7.239281
0.673000,-5.506164
0.673500,-2.041445
0.674000,2.254688
0.674500,4.877402
0.675000,7.427604
0.675500,8.045821
0.676000,5.696811
0.676500,2.471764
0.677000,-0.627855
0.677500,-2.817775
0.678000,-3.464850
0.678500,-2.493122
0.679000,0.438130
0.679500,2.400791
0.680000,6.082708
0.680500,6.963031
0.681000,6.860882
0.681500,4.092516
0.682000,1.700573
0.682500,-1.986873
0.683000,-5.011155
0.683500,-7.351400
0.684000,-5.844760
0.684500,-3.730319
0.685000,-1.245886
0.685500,2.672444
0.686000,5.107123
0.686500,5.752662
0.687000,4.265632
0.687500,1.442646
0.688000,-1.661495
0.688500,-5.015517
0.689000,-8.656522
0.689500,-7.837269
0.690000,-6.159986
0.690500,-3.885498
0.691000,0.158157
0.691500,3.323914
0.692000,3.700036
0.692500,3.838436
0.693000,1.368390
0.693500,-1.351389
0.694000,-3.190668
0.694500,-5.632502
0.695000,-5.163781
0.695500,-4.204281
0.696000,0.577599
0.696500,3.893246
0.697000,6.884357
0.697500,9.061230
0.698000,8.192577
0.698500,7.244648
0.699000,3.328318
0.699500,-0.313320
0.700000,-3.451633
0.700500,-5.020499
0.701000,-4.189687
0.701500,-2.389078
0.702000,0.705933
0.702500,3.362234
0.703000,5.514802
0.703500,5.456039
0.704000,5.051706
0.704500,0.691503
0.705000,-1.569226
0.705500,-4.469756
0.706000,-6.983025
0.706500,-5.585004
0.707000,-4.192078
0.707500,-1.188170
0.708000,1.634751
0.708500,3.918773
0.709000,4.721375
0.709500,3.886679
0.710000,1.615756
0.710500,-2.386274
0.711000,-6.150379
0.711500,-7.609017
0.712000,-7.893843
0.712500,-6.364532
0.713000,-3.166040
0.713500,0.249330
0.714000,3.426244
0.714500,5.601119
0.715000,5.648267
0.715500,4.993977
0.716000,2.270866
0.716500,-0.744461
0.717000,-3.921239
0.717500,-3.961332
0.718000,-2.009167
0.718500,-0.259899
0.719000,3.332098
0.719500,5.545765
0.720000,8.391892
0.720500,7.680888
0.721000,5.915887
0.721500,3.413743
0.722000,-0.708598
0.722500,-4.673586
0.723000,-6.576331
0.723500,-6.347621
0.724000,-4.080162
0.724500,-1.209943
0.725000,2.001622
0.725500,5.260210
0.726000,5.553180
0.726500,5.561892
0.727000,2.109448
0.727500,-0.643585
0.728000,-4.505391
0.728500,-6.461461
0.729000,-7.626298
0.729500,-6.361815
0.730000,-3.161294
0.730500,0.232268
0.731000,2.546311
0.731500,3.386285
0.732000,2.987901
0.732500,0.982700
0.733000,-2.101748
0.733500,-4.311069
0.734000,-5.890497
0.734500,-6.642189
0.735000,-5.924945
0.735500,-1.911237
0.736000,2.042924
0.736500,6.600218
0.737000,7.570538
0.737500,8.512601
0.738000,7.914934
0.738500,4.506133
0.739000,1.067127
0.739500,-2.139551
0.740000,-3.754479
0.740500,-3.504570
0.741000,-2.402449
0.741500,1.056594
0.742000,3.047944
0.742500,5.757438
0.743000,6.159393
0.743500,4.514145
0.744000,1.965238
0.744500,-1.736722
0.745000,-5.053514
0.745500,-6.664035
0.746000,-7.072572
0.746500,-4.804774
0.747000,-2.418096
0.747500,1.666517
0.748000,3.582390
0.748500,4.997431
0.749000,4.245717
0.749500,2.571252
0.750000,-1.319731
0.750500,-5.067522
0.751000,-7.334019
0.751500,-9.211834
0.752000,-7.270622
0.752500,-3.717451
0.753000,-0.898064
0.753500,2.454409
0.754000,4.904059
0.754500,5.607216
0.755000,3.276828
0.755500,0.984560
0.756000,-1.048850
0.756500,-3.598094
0.757000,-3.565240
0.757500,-3.241286
0.758000,-1.360579
0.758500,2.293507
0.759000,4.963440
0.759500,8.129428
0.760000,8.528308
0.760500,6.867366
0.761000,4.351147
0.761500,0.577396
0.762000,-3.445970
0.762500,-6.418111
0.763000,-5.654803
0.763500,-4.155903
0.764000,-1.404718
0.764500,2.119782
0.765000,3.895486
0.765500,6.350119
0.766000,4.517555
0.766500,2.900980
0.767000,-1.352426
0.767500,-4.338178
0.768000,-5.690868
0.768500,-7.103894
0.769000,-5.562582
0.769500,-3.275547
0.770000,-0.267150
0.770500,3.085132
0.771000,3.949631
0.771500,3.084657
0.772000,1.525402
0.772500,-1.005513
0.773000,-4.321697
0.773500,-7.520495
0.774000,-7.962023
0.774500,-6.720158
0.775000,-3.725864
0.775500,-0.241185
0.776000,3.901013
0.776500,6.648161
0.777000,8.281656
0.777500,7.392966
0.778000,4.549409
0.778500,1.253664
0.779000,-1.452629
0.779500,-3.577464
0.780000,-3.761502
0.780500,-2.064334
0.781000,0.789031
0.781500,3.520694
0.782000,6.224869
0.782500,7.101199
0.783000,5.002835
0.783500,2.913044
0.784000,-0.743964
0.784500,-3.902472
0.785000,-6.289594
0.785500,-7.339913
0.786000,-5.853633
0.786500,-2.488781
0.787000,1.323910
0.787500,2.961665
0.788000,5.540390
0.788500,5.559487
0.789000,2.893498
0.789500,-0.165126
0.790000,-4.260056
0.790500,-6.843882
0.791000,-8.688397
0.791500,-8.318791
0.792000,-4.673904
0.792500,-2.161927
0.793000,1.302341
0.793500,3.201894
0.794000,3.855076
0.794500,3.284220
0.795000,0.693834
0.795500,-1.697205
0.796000,-3.976420
0.796500,-4.973157
0.797000,-4.156710
0.797500,-1.098260
0.798000,1.400017
0.798500,5.421522
0.799000,8.553578
0.799500,9.542291
0.800000,7.407211
0.800500,5.088639
0.801000,2.072304
0.801500,-1.839635
0.802000,-4.439313
0.802500,-5.336487
0.803000,-4.274150
0.803500,-1.453927
0.804000,1.446280
0.804500,4.196276
0.805000,5.594732
0.805500,4.870614
0.806000,3.252495
0.806500,1.029153
0.807000,-4.160827
0.807500,-5.790437
0.808000,-7.124824
0.808500,-5.672057
0.809000,-3.453111
0.809500,0.009661
0.810000,3.097290
0.810500,4.443111
0.811000,4.800391
0.811500,1.590730
0.812000,0.051864
0.812500,-3.930985
0.813000,-6.486563
0.813500,-8.714123
0.814000,-7.904725
0.814500,-5.027921
0.815000,-1.430365
0.815500,2.541605
0.816000,5.876259
0.816500,6.148467
0.817000,6.775367
0.817500,4.321947
0.818000,1.322157
0.818500,-1.961308
0.819000,-2.890541
0.819500,-4.147034
0.820000,-1.332295
0.820500,0.594233
0.821000,4.313850
0.821500,6.669648
0.822000,8.122212
0.822500,6.655461
0.823000,3.834992
0.823500,0.294269
0.824000,-2.618638
0.824500,-5.541359
0.825000,-6.822514
0.825500,-5.742022
0.826000,-3.670298
0.826500,0.484964
0.827000,2.730982
0.827500,5.622154
0.828000,5.456997
0.828500,4.597734
0.829000,0.098956
0.829500,-3.046126
0.830000,-5.244270
0.830500,-7.017139
0.831000,-7.464566
0.831500,-5.094429
0.832000,-2.134434
0.832500,1.121164
0.833000,3.003028
0.833500,3.969390
0.834000,2.346008
0.834500,0.636221
0.835000,-2.222450
0.835500,-5.058921
0.836000,-6.865512
0.836500,-5.247583
0.837000,-3.120968
0.837500,0.048777
0.838000,4.114458
0.838500,6.746765
0.839000,8.449658
0.839500,8.165705
0.840000,6.585762
0.840500,2.441142
0.841000,-0.555307
0.841500,-3.639867
0.842000,-4.329180
0.842500,-3.666041
0.843000,-0.963638
0.843500,1.454810
0.844000,3.710395
0.844500,5.252145
0.845000,5.332776
0.845500,3.074798
0.846000,0.598316
0.846500,-3.153762
0.847000,-4.683832
0.847500,-7.476656
0.848000,-6.000480
0.848500,-4.213444
0.849000,-0.739150
0.849500,2.638979
0.850000,3.704096
0.850500,5.047379
0.851000,4.153621
0.851500,0.190140
0.852000,-3.146527
0.852500,-6.015180
0.853000,-8.291175
0.853500,-8.352226
0.854000,-7.037106
0.854500,-2.551382
0.855000,0.858250
0.855500,3.575765
0.856000,5.661874
0.856500,5.201333
0.857000,3.435243
0.857500,1.173091
0.858000,-2.289605
0.858500,-3.051115
0.859000,-4.148578
0.859500,-2.255582
0.860000,1.672188
0.860500,4.697267
0.861000,7.067101
0.861500,8.000235
0.862000,7.613795
0.862500,5.489911
0.863000,1.914145
0.863500,-1.924779
0.864000,-4.876289
0.864500,-6.313852
0.865000,-6.232981
0.865500,-3.599423
0.866000,0.188917
0.866500,2.432777
0.867000,5.021069
0.867500,5.186167
0.868000,4.133415
0.868500,1.078503
0.869000,-1.619625
0.869500,-5.030324
0.870000,-7.480666
0.870500,-6.632698
0.871000,-5.441805
0.871500,-2.462148
0.872000,1.002530
0.872500,3.015169
0.873000,4.392126
0.873500,2.768729
0.874000,0.382894
0.874500,-2.811019
0.875000,-5.677867
0.875500,-6.689295
0.876000,-6.723387
0.876500,-4.230125
0.877000,-0.522747
0.877500,2.162369
0.878000,6.068002
0.878500,7.590395
0.879000,7.841029
0.879500,6.134288
0.880000,2.945154
0.880500,-0.372827
0.881000,-2.621718
0.881500,-4.188226
0.882000,-2.732833
0.882500,-1.295882
0.883000,3.113543
0.883500,4.529333
0.884000,6.340469
0.884500,5.695732
0.885000,5.036794
0.885500,1.660421
0.886000,-2.213405
0.886500,-5.803813
0.887000,-6.657590
0.887500,-6.793866
0.888000,-3.629392
0.888500,-0.682576
0.889000,2.335186
0.889500,3.706166
0.890000,5.006653
0.890500,4.477906
0.891000,1.890972
0.891500,-1.755035
0.892000,-6.214847
0.892500,-7.644522
0.893000,-7.738059
0.893500,-7.294051
0.894000,-3.694332
0.894500,-0.089438
0.895000,2.711186
0.895500,3.810312
0.896000,4.400717
0.896500,2.757227
0.897000,0.186968
0.897500,-2.684136
0.898000,-4.444203
0.898500,-4.507816
0.899000,-2.757478
0.899500,-0.071926
0.900000,3.487796
0.900500,6.883954
0.901000,7.934628
0.901500,8.848964
0.902000,6.693065
0.902500,3.356921
0.903000,-0.084786
0.903500,-4.465128
0.904000,-6.226649
0.904500,-5.192873
0.905000,-3.419508
0.905500,-0.365657
0.906000,2.490623
0.906500,5.182183
0.907000,5.943107
0.907500,4.600696
0.908000,1.649928
0.908500,-2.451102
0.909000,-4.376698
0.909500,-6.079165
0.910000,-6.457958
0.910500,-5.466954
0.911000,-2.017251
0.911500,1.216169
0.912000,3.983571
0.912500,4.027276
0.913000,3.481397
0.913500,1.447110
0.914000,-2.163243
0.914500,-5.876720
0.915000,-7.418726
0.915500,-7.722633
0.916000,-6.317431
0.916500,-3.074822
0.917000,0.672899
0.917500,5.006614
0.918000,6.443634
0.918500,7.134207
0.919000,6.083807
0.919500,3.798079
0.920000,-0.234195
0.920500,-2.687310
0.921000,-4.146619
0.921500,-2.761955
0.922000,-1.125486
0.922500,2.129412
0.923000,5.414307
0.923500,6.716271
0.924000,7.199411
0.924500,5.290103
0.925000,2.561416
0.925500,-1.209384
0.926000,-4.913176
0.926500,-6.579071
0.927000,-6.095971
0.927500,-4.523037
0.928000,-2.150398
0.928500,2.065833
0.929000,4.033621
0.929500,6.146928
0.930000,5.200657
0.930500,2.421350
0.931000,-1.099522
0.931500,-4.695782
0.932000,-6.783620
0.932500,-7.956107
0.933000,-6.599764
0.933500,-3.742959
0.934000,-1.039210
0.934500,1.892368
0.935000,3.411065
0.935500,3.517226
0.936000,1.614237
0.936500,-0.044728
0.937000,-2.463859
0.937500,-4.650870
0.938000,-6.335405
0.938500,-4.003891
0.939000,-0.753973
0.939500,2.284254
0.940000,6.090774
0.940500,7.636373
0.941000,9.084921
0.941500,7.109696
0.942000,4.623569
0.942500,0.249037
0.943000,-2.210748
0.943500,-4.034997
0.944000,-4.975871
0.944500,-3.570606
0.945000,-1.233637
0.945500,2.542225
0.946000,4.715715
0.946500,5.140649
0.947000,4.963330
0.947500,2.079997
0.948000,-1.510402
0.948500,-4.479016
0.949000,-5.904906
0.949500,-6.459182
0.950000,-5.317805
0.950500,-2.237152
0.951000,0.310809
0.951500,3.507462
0.952000,4.868064
0.952500,4.084919
0.953000,2.169633
0.953500,-1.697680
0.954000,-4.687106
0.954500,-7.269053
0.955000,-9.570316
0.955500,-6.860840
0.956000,-5.784085
0.956500,-1.095426
0.957000,3.200771
0.957500,5.250806
0.958000,5.682295
0.958500,4.902303
0.959000,3.426731
0.959500,-0.632918
0.960000,-1.857762
0.960500,-3.501383
0.961000,-3.421362
0.961500,-1.050815
0.962000,1.870818
0.962500,5.742190
0.963000,7.848516
0.963500,7.353054
0.964000,6.458879
0.964500,3.279776
0.965000,0.371920
0.965500,-4.197005
0.966000,-5.304320
0.966500,-6.419149
0.967000,-5.430988
0.967500,-2.384743
0.968000,0.932658
0.968500,3.583865
0.969000,5.570274
0.969500,4.628679
0.970000,2.091516
0.970500,-0.459798
0.971000,-4.458678
0.971500,-6.628988
0.972000,-7.706510
0.972500,-6.873657
0.973000,-3.372324
0.973500,-1.020980
0.974000,1.975248
0.974500,2.968151
0.975000,3.543057
0.975500,2.310160
0.976000,-0.965512
0.976500,-3.276843
0.977000,-6.498047
0.977500,-6.978185
0.978000,-6.032948
0.978500,-2.936361
0.979000,0.574078
0.979500,4.581144
0.980000,7.454007
0.980500,8.369767
0.981000,7.986046
0.981500,5.355893
0.982000,1.828645
0.982500,-1.545871
0.983000,-3.188228
0.983500,-4.042526
0.984000,-2.763526
0.984500,-0.027305
0.985000,3.572234
0.985500,4.718639
0.986000,6.514738
0.986500,4.617789
0.987000,3.021000
0.987500,0.186812
0.988000,-3.592557
0.988500,-6.060239
0.989000,-7.009183
0.989500,-5.565904
0.990000,-2.988412
0.990500,0.145415
0.991000,3.317866
0.991500,5.188801
0.992000,4.637340
0.992500,2.619666
0.993000,-0.889120
0.993500,-3.823986
0.994000,-6.700029
0.994500,-8.221353
0.995000,-7.386530
0.995500,-5.426838
0.996000,-1.902292
0.996500,1.577921
0.997000,4.060735
0.997500,4.952502
0.998000,5.340558
0.998500,2.134054
0.999000,-0.734320
0.999500,-2.736887
